transaction_amount,account_age,avg_transaction_amount,transaction_frequency_last_24h,transaction_frequency_last_7d,time_since_last_transaction,transaction_type,merchant_category,device_id,browser,ip_address_location,is_vpn,unusual_location_flag,high_risk_merchant_flag,is_fraud
62.31,825,241.64,5,2,28887,online,clothing,device_046,edge,US,0,1,0,0
102.69,50,193.43,0,7,22201,card,automotive,device_056,safari,UK,0,0,0,0
6692.89,71,141.14,7,39,1181,card,electronics,device_127,safari,RU,1,1,1,1  
12.96,81,99.95,1,8,49662,online,dining,device_173,safari,UK,0,0,0,0
2548.58,8,667.4,19,20,3225,online,travel,device_034,firefox,RU,1,1,1,1
46.17,824,100.77,2,13,38136,online,electronics,device_013,edge,CA,0,0,0,0
92.76,1229,155.17,5,5,67346,online,electronics,device_021,firefox,UK,0,0,0,0
116.46,1443,224.31,4,14,46723,online,electronics,device_131,safari,US,0,0,0,0
205.83,169,55.23,0,11,80083,online,clothing,device_124,chrome,CA,0,0,0,0
109.77,1136,121.76,0,6,12092,online,clothing,device_192,safari,CA,0,0,0,0
192.6,150,64.51,2,7,16263,card,jewelry,device_097,chrome,CA,0,0,0,0
9108.98,78,333.52,12,30,3142,online,clothing,device_039,safari,NG,0,1,0,1
211.19,309,187.24,4,8,64231,card,groceries,device_032,edge,US,0,0,0,0
224.19,80,211.14,4,11,13759,online,electronics,device_149,edge,UK,0,0,0,0
58.1,1185,142.12,1,14,25615,card,travel,device_072,firefox,UK,0,0,0,0
189.76,191,68.98,4,8,3973,bank_transfer,groceries,device_139,edge,CA,0,0,0,0
126.61,672,105.83,5,11,65487,online,electronics,device_125,edge,US,0,0,0,0
250.4,1377,227.24,4,13,6234,online,dining,device_048,firefox,CA,0,0,0,0
133.67,1232,193.08,0,4,70506,card,automotive,device_022,safari,UK,1,0,0,0
113.66,810,151.55,0,10,37199,online,dining,device_065,safari,US,0,0,0,0
167,137,31.65,3,3,68455,online,clothing,device_176,edge,US,0,0,1,0
147.25,352,70.73,0,3,66067,online,travel,device_160,safari,US,0,0,0,0
1046.97,97,522.12,11,35,3535,online,jewelry,device_069,firefox,UK,0,1,1,1
275.65,317,229.98,4,7,65116,online,travel,device_115,chrome,CA,0,0,0,0
274.64,465,180.31,4,3,7348,card,automotive,device_183,edge,UK,0,0,0,0
80.48,424,182.94,5,7,65620,online,groceries,device_001,edge,UK,0,0,0,0
194.23,1197,178.73,2,7,64881,online,jewelry,device_068,edge,UK,0,0,1,0
59.16,986,173.52,2,7,53451,online,groceries,device_065,firefox,UK,0,0,0,0
42.14,529,167.44,2,12,35685,card,groceries,device_005,chrome,US,0,0,0,0
100.6,1423,27.51,0,1,77068,card,automotive,device_003,firefox,UK,0,0,0,0
121.76,632,27.84,3,12,78971,card,jewelry,device_069,safari,UK,0,0,0,0
18.47,998,170.06,2,3,81983,online,jewelry,device_129,edge,UK,0,0,0,0
202.56,626,15.09,4,8,63982,bank_transfer,groceries,device_115,chrome,CA,0,0,0,0
74.12,1334,222.36,0,8,52499,card,jewelry,device_132,chrome,US,0,0,0,0
238.08,274,95.93,5,12,70840,card,automotive,device_196,chrome,CA,0,0,0,0
131.37,378,34.24,3,10,79420,card,electronics,device_111,edge,CA,0,0,0,0
140.74,1208,208.88,5,11,7117,card,clothing,device_196,chrome,UK,0,0,0,0
296.61,1235,71.35,3,9,73727,card,groceries,device_076,chrome,CA,0,0,0,0
87.37,1131,125.9,4,3,22120,card,travel,device_116,firefox,CA,0,0,0,0
213.46,237,160.33,4,5,59367,card,electronics,device_122,chrome,US,0,0,0,0
217.13,428,185.44,4,4,61122,online,electronics,device_191,safari,UK,0,0,0,0
135.06,1350,158.67,0,3,25099,online,jewelry,device_004,firefox,US,0,0,0,0
127.7,814,231.36,4,8,33770,bank_transfer,groceries,device_152,firefox,UK,0,0,0,0
234.79,818,112.67,4,12,55102,card,travel,device_029,firefox,US,0,0,0,0
251.94,304,74.84,3,4,84162,card,automotive,device_116,edge,US,0,0,0,0
3677.01,86,1219.24,8,41,104,bank_transfer,jewelry,device_122,chrome,US,0,1,1,1
101.5,1227,207.93,5,14,26519,card,electronics,device_165,safari,CA,0,0,0,0
5.58,535,40.75,3,7,14247,card,groceries,device_190,safari,UK,0,0,0,0
178.88,924,192.12,0,5,37927,online,dining,device_178,safari,UK,0,0,0,0
219.15,1375,103.97,4,8,15666,online,jewelry,device_199,safari,US,0,0,0,0
176.98,409,154.79,1,13,14444,online,travel,device_138,firefox,CA,0,0,0,0
54.86,332,38.53,5,1,76013,card,electronics,device_177,safari,US,0,0,0,0
183.96,635,191.76,3,10,51067,bank_transfer,travel,device_110,edge,CA,0,0,0,0
141.32,1381,31.54,2,8,49438,card,groceries,device_184,firefox,UK,0,0,0,0
254.26,547,100.61,5,14,15112,online,jewelry,device_083,edge,UK,0,0,1,0
217.15,591,180.29,2,1,60845,card,clothing,device_076,firefox,US,0,0,0,0
126.75,445,206.8,4,10,68815,online,travel,device_144,edge,UK,0,0,0,0
84.02,1309,61.04,4,10,81200,online,clothing,device_057,firefox,UK,0,0,1,0
277.55,119,75.35,1,14,20956,card,jewelry,device_036,edge,UK,0,0,0,0
135.49,835,25.3,5,14,27811,card,electronics,device_101,edge,US,0,0,0,0
52.25,931,182.32,5,5,38041,card,dining,device_071,edge,CA,0,0,0,0
268.58,50,40.03,3,11,6755,bank_transfer,groceries,device_135,safari,CA,0,0,0,0
172.92,448,230.38,0,15,58315,card,dining,device_108,edge,CA,0,0,0,0
13.82,699,62.21,2,1,19471,online,travel,device_079,edge,UK,0,0,0,0
164.23,1335,110.69,5,14,23600,card,clothing,device_079,safari,UK,0,0,0,0
180.52,1486,217.54,4,15,51357,online,jewelry,device_059,safari,UK,1,0,0,0
199.51,952,246.51,1,10,65327,bank_transfer,jewelry,device_043,safari,CA,0,0,0,0
169.6,1054,242.63,3,4,75547,card,travel,device_170,firefox,CA,0,0,0,0
50.96,768,152.09,1,11,6568,card,dining,device_175,firefox,CA,0,1,0,0
116.35,715,82.65,1,14,55700,online,travel,device_142,chrome,UK,0,0,1,0
7.86,930,185.32,0,4,42852,online,electronics,device_023,firefox,US,0,0,0,0
279.48,823,58.11,3,13,29369,card,jewelry,device_042,edge,US,0,0,0,0
191.87,810,69.2,0,4,74523,card,groceries,device_186,firefox,CA,0,0,0,0
120.17,57,168.5,5,2,23159,card,travel,device_015,edge,CA,0,0,0,0
150.62,767,96.85,0,7,49932,card,travel,device_039,safari,UK,0,0,0,0
10.41,211,58.2,1,5,71912,bank_transfer,clothing,device_155,edge,UK,0,0,0,0
191.83,1353,71.52,3,15,15676,online,jewelry,device_139,safari,US,0,0,0,0
50.54,1263,27.79,2,15,59911,card,groceries,device_162,edge,UK,0,0,0,0
279.63,1432,111.19,5,10,54695,online,dining,device_190,edge,US,0,0,0,0
282.72,119,184.65,2,1,7716,online,clothing,device_167,safari,US,0,0,0,0
235.92,89,196.87,2,8,46877,card,clothing,device_032,edge,UK,0,0,0,0
215.59,524,42.15,4,6,24438,card,groceries,device_045,edge,US,0,0,0,0
167.81,966,192.74,3,15,85240,card,dining,device_176,firefox,UK,0,0,0,0
245.32,231,99.02,2,15,69422,bank_transfer,travel,device_073,safari,UK,0,0,0,0
129.4,918,241.49,3,5,31632,online,groceries,device_183,chrome,CA,0,0,0,0
220.76,624,80.41,2,7,12271,card,groceries,device_160,chrome,US,0,0,0,0
297.98,1314,203.39,1,9,52807,card,clothing,device_100,firefox,CA,0,0,0,0
133.8,1154,23.03,2,9,60296,card,clothing,device_035,firefox,US,0,0,0,0
171.47,745,233.81,5,3,32862,online,jewelry,device_093,chrome,UK,0,0,0,0
8337.48,55,871.08,8,50,3524,bank_transfer,automotive,device_096,firefox,RU,1,0,1,1
18.39,249,113.9,4,5,41648,card,travel,device_020,firefox,CA,0,0,0,0
8946.53,24,706.58,13,21,520,online,electronics,device_054,firefox,RU,0,1,1,1
186.33,246,162.62,1,10,64698,bank_transfer,electronics,device_088,firefox,UK,0,0,0,0
38.01,1345,41.16,5,1,67937,card,travel,device_027,chrome,US,0,0,0,0
260.56,477,27.19,0,9,17683,card,automotive,device_051,safari,UK,0,0,0,0
180.84,710,59.34,4,5,29062,online,jewelry,device_010,firefox,UK,0,0,1,0
68.14,1267,181.09,1,1,35492,bank_transfer,groceries,device_186,safari,CA,0,0,0,0
96.66,905,182.59,3,11,63552,online,jewelry,device_149,safari,CA,0,0,0,0
81.44,1299,85.46,0,10,18566,card,dining,device_174,edge,UK,0,0,0,0
183.84,608,135.5,1,2,55952,bank_transfer,clothing,device_196,safari,US,0,0,0,0
14394.1,41,213.19,7,43,1330,bank_transfer,travel,device_162,chrome,CN,1,1,1,1
111.78,242,42.75,2,2,84246,card,jewelry,device_039,edge,US,0,0,0,0
122.23,31,28.71,5,10,51459,card,dining,device_156,safari,CA,0,0,0,0
60.7,241,28.06,0,12,41351,online,jewelry,device_144,chrome,CA,1,0,0,0
68.37,1395,186.58,1,4,33390,card,jewelry,device_080,chrome,UK,0,0,0,0
178.17,988,239.16,3,15,20237,card,travel,device_138,chrome,US,0,0,0,0
214.81,847,146.42,5,3,24805,card,electronics,device_024,edge,UK,0,0,0,0
229.88,1100,24.71,0,9,78185,card,jewelry,device_132,chrome,UK,0,0,0,0
11596.8,8,1973.09,7,36,2392,card,jewelry,device_035,safari,CN,1,1,1,1
126.06,970,163.29,4,3,55036,card,dining,device_169,safari,CA,0,0,0,0
193.17,655,95.49,2,2,76180,online,clothing,device_034,chrome,UK,0,1,0,0
27.91,459,90.2,4,1,43667,bank_transfer,electronics,device_176,edge,UK,0,0,0,0
291.88,971,191.9,1,15,71439,card,dining,device_001,firefox,CA,0,0,0,0
91.38,115,36.42,5,8,24228,bank_transfer,electronics,device_128,safari,US,0,0,0,0
205.5,526,243.37,4,15,61080,card,electronics,device_056,firefox,US,0,0,0,0
250.51,357,119.94,2,5,54380,card,jewelry,device_120,firefox,CA,0,0,0,0
283.98,34,196.93,2,7,63573,online,groceries,device_093,edge,CA,0,0,0,0
271.96,565,141.59,2,1,8572,card,jewelry,device_138,edge,CA,0,0,0,0
265.89,757,46.33,5,6,21281,card,dining,device_142,edge,US,0,0,1,0
246.63,1461,166.25,1,5,34784,bank_transfer,dining,device_044,edge,CA,0,1,1,0
181.13,404,132.54,1,12,11931,card,dining,device_131,safari,US,0,0,0,0
14208.47,65,415.25,10,35,3502,bank_transfer,travel,device_137,chrome,RU,1,1,0,1
32.3,583,100.82,4,14,70540,online,dining,device_145,safari,US,0,0,0,0
79.88,932,116.7,0,7,42663,card,automotive,device_060,firefox,US,0,1,0,0
225.44,1466,124.95,0,6,21595,online,jewelry,device_054,chrome,CA,0,0,0,0
152.46,111,153.3,5,10,32590,online,dining,device_163,firefox,CA,0,0,0,0
5.88,255,89.04,2,11,85002,card,travel,device_079,safari,UK,0,0,0,0
121.47,173,118.9,3,15,7700,online,dining,device_146,safari,UK,0,0,1,0
293.04,1115,85.04,1,15,73789,card,dining,device_167,edge,UK,0,0,0,0
225.82,1406,11.35,2,6,23540,card,dining,device_127,firefox,US,0,0,0,0
113.21,837,43.17,5,5,21994,card,jewelry,device_018,firefox,CA,0,0,0,0
58.8,1124,198.46,1,5,11820,online,electronics,device_127,edge,US,0,0,0,0
244.23,996,239.63,2,5,35614,card,clothing,device_043,edge,CA,1,0,0,0
244.49,979,134.7,0,7,27775,online,dining,device_076,firefox,US,0,0,0,0
152.69,1103,114.68,3,7,76444,online,clothing,device_068,safari,US,0,0,0,0
278.87,1185,45.1,0,9,84532,online,automotive,device_155,chrome,UK,0,0,1,0
83.45,108,159.23,4,4,29564,online,clothing,device_036,firefox,US,0,0,0,0
90.88,87,21.2,0,14,24964,online,travel,device_154,edge,US,0,0,0,0
255.95,1492,120.53,1,15,25860,card,groceries,device_098,firefox,US,1,0,0,0
281.02,766,245.6,1,3,14344,online,automotive,device_131,firefox,UK,0,0,0,0
12.25,711,168.73,5,8,57781,card,travel,device_059,edge,CA,0,0,0,0
139.36,1002,130.08,2,11,81586,bank_transfer,jewelry,device_025,safari,US,0,0,0,0
98.01,412,17.35,2,15,51754,card,dining,device_088,chrome,US,0,0,0,0
120.49,1380,68.08,4,3,40468,card,automotive,device_090,chrome,UK,0,0,1,0
153.04,1397,227.38,0,1,50661,card,clothing,device_041,safari,CA,0,0,0,0
150.97,648,110.07,0,12,49331,card,electronics,device_043,safari,US,0,0,0,0
23.4,110,97.32,0,6,13972,bank_transfer,dining,device_092,edge,UK,0,0,0,0
82.06,1311,22.41,2,3,52025,card,jewelry,device_001,edge,US,0,0,0,0
259.09,272,143.08,1,9,47707,card,automotive,device_031,chrome,UK,0,0,0,0
268.37,1485,144.4,0,6,63057,card,groceries,device_177,chrome,US,0,0,0,0
129.39,152,46.22,3,13,22059,online,clothing,device_142,firefox,US,0,0,0,0
200.19,1481,15,5,1,57427,card,groceries,device_060,safari,US,0,0,0,0
241.67,586,210.98,5,14,9433,card,jewelry,device_101,safari,UK,1,0,0,0
123.46,784,192.75,4,6,14844,online,automotive,device_114,safari,US,0,0,0,0
189.56,789,34.53,1,10,52053,card,electronics,device_166,edge,US,0,0,0,0
195.03,348,213.67,5,15,26091,card,electronics,device_106,firefox,US,0,0,0,0
108.37,419,47.4,2,7,81274,online,electronics,device_166,edge,UK,0,0,0,0
282.69,179,180.1,2,3,44480,online,groceries,device_196,edge,US,0,0,0,0
29.21,67,17.97,5,5,31717,card,clothing,device_060,chrome,UK,0,0,0,0
207.04,1362,94.62,3,3,78551,online,clothing,device_037,chrome,CA,0,0,0,0
209.35,909,229.28,0,11,61354,card,dining,device_028,safari,UK,0,0,0,0
72.52,217,245.8,1,5,69310,online,groceries,device_035,edge,CA,0,0,0,0
132.53,1426,184.62,2,3,64237,card,dining,device_075,edge,CA,0,0,0,0
221.7,321,175.7,1,15,23437,online,electronics,device_161,firefox,US,0,0,0,0
14860.75,71,1821.57,11,21,915,card,automotive,device_148,firefox,US,1,1,1,1
234.25,1221,28.17,3,1,44044,card,clothing,device_051,chrome,UK,0,0,0,0
23.23,188,129.12,5,8,31126,online,groceries,device_184,edge,US,0,0,0,0
5103.62,93,87.56,6,43,1102,online,automotive,device_036,chrome,NG,0,1,1,1
228,133,37.95,0,1,72651,online,travel,device_091,edge,US,0,0,0,0
3987.43,54,1285.72,11,32,3098,bank_transfer,jewelry,device_125,firefox,NG,0,1,1,1
32.13,1492,222.18,0,8,39683,online,clothing,device_143,safari,US,0,0,0,0
189.35,1378,37.03,1,11,21372,online,groceries,device_058,firefox,CA,0,0,0,0
43.58,804,44.86,0,15,70875,card,clothing,device_039,edge,US,0,0,0,0
148.74,1245,164.89,4,5,6500,card,automotive,device_127,chrome,CA,0,1,0,0
49.8,1458,112.84,4,8,11658,card,dining,device_191,safari,CA,0,0,0,0
125.36,882,120.8,0,10,12270,online,dining,device_127,edge,CA,0,0,0,0
9634.21,6,1706.63,20,47,1057,bank_transfer,electronics,device_083,edge,UK,1,1,1,1
207.52,1210,160.19,0,7,14725,bank_transfer,groceries,device_076,firefox,CA,0,0,0,0
42.63,1398,10.06,5,6,4238,card,automotive,device_038,chrome,UK,0,0,0,0
229.25,1320,21.53,2,4,9086,bank_transfer,automotive,device_112,firefox,UK,1,0,0,0
10276.35,8,776.16,17,42,1568,card,automotive,device_192,edge,US,1,1,0,1
282.91,231,185.16,3,1,13091,online,dining,device_081,safari,UK,0,0,0,0
108.91,929,186.16,1,6,79515,online,groceries,device_117,safari,US,0,0,1,0
116.86,396,63.05,3,12,49959,online,groceries,device_180,edge,US,0,0,0,0
7939.6,25,142.3,17,25,1551,bank_transfer,electronics,device_098,chrome,NG,1,1,1,1
290.03,382,21.05,4,12,11715,online,automotive,device_117,edge,US,0,0,0,0
64.89,35,218.66,3,10,39677,online,dining,device_170,safari,CA,0,0,0,0
30.11,494,189.74,1,6,38509,online,jewelry,device_106,firefox,US,0,0,0,0
254.54,44,215.74,3,9,83008,card,automotive,device_196,chrome,US,0,0,0,0
214.88,1214,212.86,5,10,49309,bank_transfer,dining,device_145,firefox,CA,0,0,0,0
213.3,1198,52.4,0,5,12807,card,dining,device_140,edge,UK,0,0,0,0
14.43,1400,131.41,0,2,26133,card,jewelry,device_068,safari,CA,0,0,0,0
276.45,647,145.67,5,11,62912,bank_transfer,automotive,device_074,edge,UK,0,0,0,0
127.6,521,238.32,4,13,84657,card,groceries,device_052,firefox,US,0,0,0,0
76.71,1083,138.07,3,13,83742,card,automotive,device_017,edge,UK,0,0,0,0
109.77,1360,28.84,5,8,32968,bank_transfer,jewelry,device_022,chrome,UK,0,0,0,0
49.65,438,182.81,5,12,71043,card,travel,device_103,edge,UK,0,0,0,0
18.18,71,15.2,5,11,39125,online,travel,device_046,chrome,UK,0,0,0,0
179.44,646,56.77,2,10,31749,card,electronics,device_046,firefox,CA,0,0,0,0
153.1,121,90.39,0,9,74000,online,travel,device_180,edge,US,0,0,0,0
144.27,432,104.51,0,13,67932,card,travel,device_158,firefox,UK,0,0,0,0
283.35,1372,73.35,3,13,50777,card,jewelry,device_167,chrome,US,0,0,0,0
145.54,1066,211.15,0,13,66313,online,automotive,device_144,safari,US,0,0,0,0
274.54,162,77.86,2,12,63335,online,clothing,device_029,edge,US,0,0,0,0
173.36,1208,223.2,0,8,58342,card,clothing,device_185,safari,UK,0,0,0,0
245.18,1005,50.46,4,2,83291,card,jewelry,device_020,chrome,UK,1,0,0,0
156.66,352,53.33,1,8,82803,online,electronics,device_076,safari,US,0,0,0,0
53.05,1353,138.32,3,3,83333,card,groceries,device_137,firefox,UK,0,0,0,0
93.98,806,13.26,4,2,54586,card,dining,device_156,chrome,UK,0,0,0,0
235.08,1217,199.56,5,13,46638,card,jewelry,device_002,firefox,US,0,0,0,0
287.95,218,20.79,1,12,75934,card,clothing,device_012,edge,UK,0,0,0,0
97.71,763,96.17,0,4,9650,card,travel,device_195,edge,UK,0,0,0,0
13421.17,12,748.73,19,36,2258,bank_transfer,automotive,device_023,firefox,CN,0,1,1,1
156.02,659,211.64,3,14,7458,card,clothing,device_113,edge,UK,0,0,0,0
193.59,419,108.09,2,1,57094,card,dining,device_129,chrome,US,0,0,0,0
156.87,567,169.71,4,1,55239,online,electronics,device_012,edge,UK,0,0,0,0
82.9,111,189.2,5,7,65247,online,automotive,device_128,chrome,CA,0,0,1,0
156.93,88,124.71,4,5,30443,card,clothing,device_031,firefox,CA,0,0,0,0
154.87,1319,198.37,5,10,17341,online,electronics,device_029,firefox,CA,0,0,0,0
170.6,528,63.17,2,7,35716,bank_transfer,groceries,device_130,firefox,UK,0,0,0,0
80.92,594,246.18,0,4,13154,online,dining,device_066,safari,UK,0,0,0,0
164.98,177,121.19,5,6,50977,online,dining,device_069,edge,US,0,0,0,0
114.35,1407,197.2,0,1,24869,card,jewelry,device_059,edge,UK,0,0,0,0
25.25,882,229.58,4,3,27213,bank_transfer,automotive,device_084,safari,CA,0,0,0,0
13.81,221,58.89,2,1,85780,online,travel,device_134,chrome,US,0,1,0,0
297.6,1073,81.43,2,10,58328,card,jewelry,device_099,firefox,US,0,0,1,0
9168.87,48,1530.83,7,26,2263,bank_transfer,clothing,device_051,chrome,NG,1,1,1,1
122.12,871,201.37,5,14,5434,card,electronics,device_029,safari,US,0,0,1,0
88.89,368,246.73,4,2,79863,online,electronics,device_147,safari,UK,0,0,0,0
76.59,979,167.21,3,1,60517,online,groceries,device_185,safari,CA,0,0,0,0
152.96,773,78.84,4,8,29193,card,travel,device_092,safari,US,0,0,0,0
40.46,1438,114.83,1,3,9514,card,groceries,device_170,safari,CA,0,0,0,0
175.26,40,141.55,3,15,8241,card,dining,device_030,firefox,UK,0,0,0,0
108.3,607,153.37,5,6,27960,card,clothing,device_040,edge,US,0,0,0,0
119.37,976,190.35,5,6,58057,online,clothing,device_177,edge,UK,1,0,1,0
209.27,858,17.97,0,6,22435,card,automotive,device_034,safari,US,0,0,0,0
183.62,937,133.97,3,3,38035,online,automotive,device_087,chrome,CA,0,0,0,0
29.21,146,147.71,3,6,21441,online,travel,device_070,chrome,US,0,0,0,0
183.58,587,132.62,3,11,25284,card,automotive,device_189,firefox,US,0,0,0,0
9429.93,45,991.59,19,21,3512,bank_transfer,jewelry,device_184,safari,US,1,1,1,1
202.33,1316,242.94,2,2,61269,online,travel,device_176,safari,UK,0,0,0,0
243.7,624,69.46,4,1,80690,online,automotive,device_063,safari,US,1,0,0,0
228.42,487,67.6,1,9,28335,card,travel,device_069,chrome,US,0,0,0,0
20.05,869,192.44,2,4,83498,card,electronics,device_069,safari,UK,0,0,0,0
140.65,756,31.02,5,3,4003,bank_transfer,dining,device_032,chrome,UK,0,0,0,0
225.65,1390,55.51,5,4,48314,online,dining,device_038,edge,US,0,0,0,0
88.82,1447,212.44,4,4,26922,card,dining,device_029,safari,UK,0,0,0,0
188.19,921,203.47,0,2,8016,card,clothing,device_127,firefox,UK,0,0,0,0
51.31,995,124.2,2,1,66460,card,jewelry,device_085,firefox,US,0,0,0,0
277.55,678,63.51,0,15,9655,card,electronics,device_161,firefox,CA,0,0,0,0
278.04,1274,164.59,5,12,71801,bank_transfer,automotive,device_087,chrome,UK,0,0,0,0
210.59,1159,109.04,3,3,6810,card,automotive,device_141,edge,US,0,0,1,0
272.95,1038,90.73,4,7,67062,card,jewelry,device_185,safari,US,1,0,0,0
95.77,579,39.75,1,5,65250,online,groceries,device_031,safari,CA,0,0,0,0
222.29,623,214.88,4,15,57573,bank_transfer,travel,device_017,edge,US,0,0,0,0
189.88,1055,181.66,4,4,52116,online,clothing,device_171,firefox,US,0,0,0,0
16.38,1075,118.77,4,5,70091,card,jewelry,device_136,chrome,CA,0,0,0,0
77.66,1127,98.78,2,3,60539,card,travel,device_081,chrome,UK,0,0,0,0
56.24,1156,17.37,2,5,5999,card,automotive,device_077,safari,CA,0,0,0,0
60.02,892,189.44,1,9,51190,online,travel,device_092,safari,CA,0,0,0,0
7.39,1054,77.51,0,13,39751,card,clothing,device_103,chrome,US,0,0,0,0
160.47,39,67.24,4,9,45250,online,groceries,device_173,firefox,UK,0,0,0,0
80.47,750,175.42,5,5,47203,card,dining,device_139,safari,UK,0,0,0,0
5.65,913,13.18,3,1,21940,card,dining,device_047,safari,CA,0,0,0,0
66.44,429,67.42,0,13,41914,online,electronics,device_004,safari,UK,0,0,0,0
43.53,1358,35.97,1,1,51629,card,travel,device_105,firefox,UK,0,0,0,0
14261.4,63,973.8,11,30,3600,card,travel,device_037,edge,NG,1,1,0,1
256.95,275,22.62,1,2,11082,online,groceries,device_036,safari,UK,0,0,0,0
28.59,1376,214.8,3,4,48969,bank_transfer,dining,device_163,chrome,UK,0,0,0,0
79.58,1365,154.19,2,13,50760,online,electronics,device_077,safari,CA,1,0,0,0
130.18,1404,125.48,1,3,80018,card,dining,device_060,edge,US,0,0,0,0
278,1372,243.69,5,8,70666,online,travel,device_101,edge,CA,0,0,0,0
5716.59,55,356.22,7,32,2421,bank_transfer,jewelry,device_127,firefox,CN,1,1,1,1
160.16,112,131.81,0,4,60910,card,electronics,device_025,firefox,US,0,0,0,0
206.17,946,215.52,0,15,16084,card,dining,device_095,edge,CA,0,0,0,0
7826.53,61,813.41,12,38,186,online,electronics,device_039,chrome,NG,1,1,1,1
144.67,358,242.42,1,2,12050,online,jewelry,device_182,chrome,UK,0,0,0,0
117.02,838,171.39,0,14,37954,online,dining,device_026,chrome,UK,0,0,0,0
100.33,537,144.66,2,15,5090,card,electronics,device_146,safari,US,0,1,0,0
15.14,228,239.69,3,2,79780,card,automotive,device_158,edge,CA,0,0,0,0
213.57,85,191.63,2,14,78454,online,dining,device_126,safari,UK,0,0,1,0
159.02,390,20.2,1,5,82790,online,dining,device_149,edge,US,0,0,0,0
193.08,274,224.81,5,2,42939,online,travel,device_151,safari,US,0,0,0,0
233.89,271,185.03,1,13,24939,online,travel,device_129,safari,UK,0,0,0,0
30.45,430,90.64,4,6,6875,card,jewelry,device_121,safari,UK,0,0,0,0
12590.76,22,435.95,9,35,1959,online,travel,device_061,firefox,US,1,1,1,1
47.46,549,103.49,3,12,7998,online,clothing,device_030,firefox,UK,0,0,0,0
228.34,1486,224.11,4,13,37309,card,jewelry,device_123,edge,CA,0,0,0,0
112.83,455,156.57,2,15,48002,bank_transfer,jewelry,device_169,edge,US,0,1,0,0
271.27,941,67.34,0,11,76171,card,electronics,device_156,firefox,US,0,0,0,0
296.51,605,144.53,2,2,11155,bank_transfer,electronics,device_090,firefox,CA,0,0,0,0
136.4,981,128.73,4,3,35096,card,groceries,device_064,edge,CA,0,0,0,0
3408.31,18,1441.58,16,40,1174,card,travel,device_094,safari,NG,1,1,1,1
225.48,1341,42.38,3,7,74973,bank_transfer,clothing,device_034,safari,UK,0,0,0,0
172.47,316,224.83,1,3,14645,card,automotive,device_055,edge,UK,0,0,0,0
117.05,1254,163.1,2,7,49287,online,electronics,device_094,firefox,UK,0,0,0,0
13155.89,89,1020.92,9,34,2178,online,jewelry,device_148,safari,CN,1,1,1,1
99.28,805,32.24,0,15,84467,card,travel,device_138,safari,US,0,0,0,0
217.1,765,83.59,1,9,83387,card,clothing,device_083,firefox,CA,0,0,0,0
156.23,1134,205.61,5,4,45028,online,electronics,device_145,edge,CA,0,1,0,0
149.75,264,242.01,3,10,50861,card,groceries,device_105,safari,US,0,0,0,0
208.55,1312,16.9,2,13,16242,online,jewelry,device_036,chrome,UK,0,0,0,0
208.76,796,232.14,5,2,29664,card,travel,device_069,chrome,UK,0,0,0,0
96.33,190,147.7,0,4,8284,card,dining,device_019,edge,US,0,0,0,0
9547.96,70,1916.56,14,30,1018,bank_transfer,clothing,device_174,chrome,US,1,0,1,1
5.87,175,45.07,1,7,33484,card,groceries,device_029,safari,CA,0,0,0,0
22.41,101,170.36,1,6,57209,card,groceries,device_184,chrome,CA,0,0,0,0
118.87,625,132.79,2,14,74078,online,automotive,device_109,firefox,US,0,0,0,0
133.77,1485,237.11,3,2,69609,card,dining,device_001,safari,CA,0,0,0,0
181.82,726,148.84,0,5,36302,bank_transfer,groceries,device_027,edge,UK,0,0,0,0
39.92,155,211.35,3,5,56096,online,groceries,device_167,edge,US,0,0,0,0
3015.68,71,203.27,16,21,2467,card,travel,device_189,safari,US,1,1,1,1
199.14,1177,97.72,4,15,78387,online,travel,device_085,safari,UK,0,0,0,0
38.19,1033,56.57,5,9,80936,card,electronics,device_163,chrome,CA,0,0,0,0
58,1417,176.19,0,13,31749,card,clothing,device_150,safari,UK,0,0,0,0
245.84,973,113.96,0,13,16195,online,clothing,device_004,firefox,US,0,0,0,0
277.09,683,24.74,4,15,26821,online,automotive,device_105,safari,US,0,0,0,0
122.8,1006,192.58,5,12,35970,card,automotive,device_181,edge,US,0,0,0,0
32.33,145,65.84,4,2,26986,online,automotive,device_012,chrome,US,0,0,0,0
44.69,1182,238.37,0,5,7419,online,clothing,device_029,safari,CA,0,0,0,0
276.45,325,73.12,1,9,11472,online,groceries,device_091,firefox,US,0,0,0,0
87.76,111,81.63,4,13,64906,card,clothing,device_123,chrome,CA,0,0,0,0
11325.74,2,1608.79,10,38,3137,bank_transfer,jewelry,device_163,chrome,UK,1,1,0,1
187.52,1069,12.09,1,12,80019,bank_transfer,groceries,device_154,edge,US,0,0,0,0
182.07,313,79.71,5,3,66523,online,jewelry,device_134,edge,UK,0,0,0,0
33.77,371,153.16,0,1,53033,card,travel,device_078,firefox,CA,0,0,0,0
69.9,641,235.92,4,5,14381,card,electronics,device_013,firefox,US,0,0,0,0
293.79,1108,170.71,0,15,41402,bank_transfer,automotive,device_109,safari,US,0,0,0,0
205.64,473,42.78,5,10,86240,online,electronics,device_195,chrome,UK,0,0,1,0
85.13,1242,59.92,5,3,7167,card,travel,device_076,chrome,US,0,0,0,0
183.54,507,199.11,5,4,83864,card,jewelry,device_159,firefox,US,0,0,0,0
205.96,931,96.14,4,5,59046,card,jewelry,device_038,safari,CA,0,0,0,0
19.66,90,205.52,4,7,14182,card,jewelry,device_185,firefox,CA,0,0,0,0
48.87,1210,228.37,4,15,4790,card,groceries,device_198,firefox,UK,0,0,0,0
97.35,1305,109.07,2,15,44943,card,clothing,device_027,chrome,US,0,0,0,0
38.23,1185,213.87,1,13,66093,online,groceries,device_194,firefox,US,0,0,0,0
119.51,1145,168.17,3,10,73593,bank_transfer,electronics,device_025,firefox,US,0,0,1,0
2121.66,8,1785.13,7,38,132,card,automotive,device_001,chrome,NG,0,1,1,1
217.56,1032,128.88,0,14,46885,online,dining,device_026,safari,UK,0,0,0,0
40.86,772,46.57,0,9,63224,card,groceries,device_038,safari,US,0,0,0,0
18.11,1250,163.17,2,15,27767,card,clothing,device_178,chrome,CA,0,0,0,0
14.26,783,151.31,4,7,46618,online,travel,device_193,safari,UK,0,0,0,0
191.8,305,224.04,3,14,61805,online,electronics,device_001,safari,UK,0,0,1,0
210.9,1129,125.09,5,4,41799,card,dining,device_093,safari,US,0,0,0,0
202.85,196,164.35,3,1,83348,card,travel,device_011,firefox,CA,0,0,0,0
161.06,1346,40.01,5,13,80820,online,travel,device_110,firefox,CA,0,0,0,0
126.23,1335,94.41,2,2,42386,bank_transfer,dining,device_170,edge,US,0,1,0,0
242.4,467,88.36,4,14,28245,card,jewelry,device_138,firefox,US,0,0,0,0
244.27,238,122.17,1,5,77870,online,jewelry,device_033,chrome,CA,0,0,0,0
83.23,1243,143.6,5,13,7017,online,jewelry,device_190,safari,CA,0,0,0,0
275.97,988,73.54,0,1,66704,card,clothing,device_069,firefox,CA,0,0,0,0
261.74,328,64.07,3,13,23321,card,clothing,device_107,safari,CA,0,0,0,0
111.31,1262,15.89,5,8,27337,online,automotive,device_079,chrome,CA,0,0,0,0
203.76,244,25.85,5,12,42149,card,dining,device_098,edge,US,0,1,1,0
195.39,1255,201.88,0,4,46914,card,groceries,device_151,edge,CA,0,0,0,0
265.17,1091,28.43,5,11,85412,bank_transfer,automotive,device_057,chrome,UK,0,0,0,0
3184.44,62,1086.58,14,39,1086,bank_transfer,travel,device_162,safari,US,1,1,1,1
206.77,1337,35.66,5,10,24834,card,automotive,device_016,firefox,US,1,0,0,0
3895.48,28,476.23,8,34,76,bank_transfer,clothing,device_139,edge,RU,1,1,1,1
130.1,306,112.24,2,4,10420,card,travel,device_110,firefox,CA,0,0,0,0
283.11,1042,133.44,2,9,40464,card,electronics,device_148,chrome,UK,0,0,0,0
85.92,972,223.71,5,5,72374,card,jewelry,device_165,safari,US,0,1,0,0
142.32,287,242.65,4,15,79813,card,groceries,device_021,safari,US,0,0,1,0
8.95,250,184.76,4,5,46293,bank_transfer,dining,device_103,edge,UK,0,0,0,0
235.45,905,118.65,5,11,51945,online,jewelry,device_099,safari,US,0,0,0,0
195.27,333,131.69,1,2,64444,online,clothing,device_131,firefox,CA,0,0,0,0
78.72,1006,189.87,3,14,38299,card,groceries,device_151,safari,US,0,0,0,0
172.55,844,51.56,4,1,44545,online,travel,device_001,firefox,UK,0,0,0,0
11904.08,60,1959.16,6,30,1402,bank_transfer,electronics,device_165,chrome,US,1,1,1,1
288.51,1197,63.42,0,12,85238,card,groceries,device_081,edge,US,0,0,0,0
7.22,446,240.57,3,8,48032,card,automotive,device_115,firefox,CA,0,0,1,0
282.35,762,101.9,0,8,9872,card,automotive,device_140,chrome,UK,0,0,0,0
156.45,836,180.51,3,7,62698,card,electronics,device_009,edge,UK,0,0,0,0
187.86,1155,141.3,4,13,59157,card,clothing,device_092,safari,CA,0,0,0,0
62.25,346,210.76,5,10,62026,online,dining,device_070,chrome,CA,0,0,0,0
14940.28,30,777.17,6,48,2462,online,travel,device_171,safari,RU,1,1,1,1
142.76,113,156.72,2,6,25921,online,jewelry,device_002,firefox,CA,0,0,0,0
80.21,776,68.12,2,15,4131,online,clothing,device_098,firefox,CA,0,0,0,0
144.89,57,191.08,3,3,25580,card,jewelry,device_141,safari,CA,0,0,0,0
216.87,532,194.13,5,3,33716,card,electronics,device_188,chrome,CA,0,0,0,0
209,1011,236.44,5,9,18661,online,electronics,device_174,edge,US,0,0,0,0
70.31,329,43.92,1,14,35752,card,groceries,device_119,safari,CA,0,0,0,0
209.54,597,158.19,1,11,64177,online,electronics,device_158,edge,CA,0,0,1,0
285.48,189,143.85,1,10,53034,bank_transfer,dining,device_090,edge,CA,0,0,0,0
72.06,1156,169.98,4,13,62201,online,travel,device_142,edge,UK,0,1,0,0
154.33,1337,131,2,9,34133,bank_transfer,clothing,device_174,edge,US,0,0,0,0
97.02,1460,134.31,4,5,31408,card,jewelry,device_168,chrome,CA,0,0,0,0
6685.04,53,841.31,5,48,547,card,travel,device_128,chrome,UK,0,1,0,1
136.88,1256,159.42,4,12,86047,card,clothing,device_135,edge,UK,0,0,0,0
9.51,234,176.73,5,15,50584,online,automotive,device_058,edge,UK,0,0,0,0
189.39,1083,67.69,0,12,57774,card,automotive,device_162,firefox,US,0,0,0,0
264.19,204,16.26,0,10,84553,online,travel,device_197,chrome,UK,0,0,0,0
141.43,660,74.25,1,10,46425,card,electronics,device_021,firefox,US,0,0,0,0
102.82,264,68.92,4,8,8476,card,groceries,device_023,chrome,CA,0,0,0,0
10.88,1300,200.44,5,1,54376,bank_transfer,travel,device_026,chrome,CA,0,0,0,0
149.7,199,186.58,3,4,58355,card,dining,device_115,safari,US,0,0,0,0
230.21,1116,137.91,3,13,4120,online,jewelry,device_102,firefox,UK,0,0,0,0
247.44,247,151.66,3,8,30530,online,clothing,device_196,firefox,US,0,0,0,0
110.8,687,133.22,3,10,4054,card,automotive,device_158,edge,CA,0,0,0,0
291.2,557,102.25,3,10,25186,card,travel,device_091,firefox,US,0,0,0,0
80.94,1250,206.04,5,13,76874,card,jewelry,device_183,firefox,CA,0,0,0,0
274.14,1465,66.24,1,3,31507,bank_transfer,automotive,device_026,chrome,US,0,0,0,0
131.3,1338,18.62,5,7,18083,bank_transfer,automotive,device_155,firefox,CA,1,0,0,0
299.24,919,223.17,0,1,5852,card,jewelry,device_092,safari,UK,0,0,0,0
22.32,1215,94.2,2,2,40082,online,electronics,device_149,chrome,US,0,0,0,0
217.08,136,169.27,4,15,83734,online,travel,device_034,firefox,UK,0,0,0,0
108.53,581,199.89,4,14,55116,online,travel,device_165,firefox,US,0,0,0,0
253.88,724,188.28,3,10,13122,online,groceries,device_078,chrome,CA,0,0,0,0
7948.44,23,1121.59,8,40,3488,bank_transfer,electronics,device_021,firefox,UK,1,1,1,1
63.45,995,217.7,3,4,48139,online,electronics,device_154,firefox,CA,0,0,0,0
167.35,251,219.66,3,1,38142,card,jewelry,device_111,edge,CA,0,0,0,0
14.13,995,54.25,5,9,67130,card,groceries,device_171,firefox,UK,0,0,0,0
7.78,933,18.66,2,13,86135,online,jewelry,device_025,edge,UK,0,1,0,0
294.33,1024,71.97,5,4,57157,online,jewelry,device_032,chrome,UK,0,0,1,0
100.62,969,94.55,2,6,8581,online,jewelry,device_029,firefox,UK,0,0,1,0
266.94,504,85.43,2,15,84872,bank_transfer,groceries,device_015,chrome,US,0,0,0,0
231.55,1443,15.47,2,13,81359,card,automotive,device_064,chrome,US,0,0,0,0
233.36,1409,140.54,5,14,43602,online,dining,device_080,safari,CA,0,0,0,0
151.03,94,111.13,3,12,20099,card,travel,device_042,safari,UK,0,1,0,0
171.3,681,100.77,2,4,29164,card,clothing,device_138,safari,US,0,0,1,0
119.31,99,174.38,3,7,79482,card,groceries,device_161,firefox,CA,0,0,0,0
71.01,861,36.03,4,12,64890,card,automotive,device_152,firefox,CA,1,0,0,0
152.62,1429,65.81,2,15,68151,card,electronics,device_118,firefox,US,0,0,0,0
265.86,1150,10.94,5,13,75937,card,automotive,device_033,edge,UK,0,0,0,0
1253.21,74,1290.93,12,38,1894,online,travel,device_002,firefox,CN,1,1,1,1
197.97,552,31.54,4,3,23401,online,groceries,device_147,firefox,UK,0,0,0,0
127.48,741,228.39,2,10,7774,card,travel,device_166,firefox,UK,0,0,0,0
13.61,773,91.94,0,6,42829,online,groceries,device_042,edge,UK,1,0,0,0
4564.41,19,522.26,8,28,542,card,clothing,device_092,chrome,US,1,1,1,1
8408.79,16,882.3,19,32,643,bank_transfer,jewelry,device_131,safari,NG,1,1,1,1
138.28,558,72.79,2,3,9973,card,dining,device_028,safari,CA,0,0,0,0
258.77,965,110.52,4,2,12594,card,electronics,device_143,firefox,UK,0,0,0,0
145.26,755,233.86,2,4,55601,card,jewelry,device_084,edge,CA,0,0,0,0
30.57,508,113.42,5,8,19803,card,clothing,device_199,safari,US,0,0,0,0
62.97,420,213.42,1,4,68835,card,jewelry,device_032,safari,UK,0,0,0,0
114.37,374,34.1,1,4,11899,online,groceries,device_106,edge,US,0,0,0,0
67.8,838,185.42,2,7,56297,online,electronics,device_161,safari,US,0,0,0,0
137.41,231,158.62,2,13,35590,bank_transfer,electronics,device_168,edge,US,0,0,0,0
239.97,462,47.93,1,8,14264,card,dining,device_065,safari,CA,0,0,0,0
222.93,1277,137.36,4,9,34028,online,travel,device_120,firefox,UK,0,0,0,0
14140.31,68,1206.53,16,40,1249,bank_transfer,electronics,device_053,firefox,RU,1,1,1,1
42.13,1063,69.83,2,7,40304,online,groceries,device_159,safari,CA,0,0,0,0
137.54,764,134.59,4,11,54839,online,automotive,device_033,safari,CA,0,0,0,0
205.53,997,22.75,0,14,41825,card,electronics,device_125,edge,CA,0,0,0,0
186.27,822,97.18,2,9,69422,card,electronics,device_056,safari,US,0,0,0,0
14307.85,51,1454.62,13,41,2430,bank_transfer,travel,device_006,firefox,UK,1,1,1,1
106.84,1335,148.19,4,1,51592,card,travel,device_054,safari,CA,0,0,0,0
197.69,386,168.8,5,10,43460,online,clothing,device_164,edge,CA,0,0,0,0
24,324,218.24,0,3,28417,bank_transfer,groceries,device_028,chrome,CA,1,0,0,0
132.3,1145,36.56,3,3,68914,online,travel,device_191,chrome,US,0,1,1,0
60.34,1160,231.74,4,10,65551,online,travel,device_018,safari,CA,0,0,0,0
233.51,591,166.68,1,14,62203,card,groceries,device_082,edge,CA,0,1,0,0
129.14,1126,203.33,3,9,45833,card,travel,device_182,safari,UK,0,0,0,0
241.7,1216,189.14,5,12,20037,online,groceries,device_002,edge,UK,0,0,1,0
130.3,663,201.89,4,1,30049,card,automotive,device_008,firefox,US,0,0,0,0
277.21,43,55.94,1,2,33153,bank_transfer,jewelry,device_019,safari,CA,0,0,1,0
70.86,925,86.82,5,13,18400,card,jewelry,device_111,chrome,UK,0,0,0,0
76.51,420,39.98,0,2,13630,bank_transfer,automotive,device_094,edge,UK,0,1,0,0
17.34,746,214.76,2,13,63714,card,groceries,device_126,edge,US,0,0,0,0
5.23,894,202.21,1,11,48223,online,jewelry,device_170,chrome,CA,0,0,0,0
250.79,64,165.52,1,14,54283,bank_transfer,electronics,device_118,firefox,UK,0,0,0,0
77.19,502,132.25,0,4,5810,online,automotive,device_189,edge,UK,0,0,0,0
77.75,1081,232.96,2,11,85984,online,electronics,device_015,chrome,CA,0,0,0,0
257.98,276,171.78,0,14,9865,online,clothing,device_051,edge,US,0,0,0,0
73.75,909,78.83,5,1,77248,card,travel,device_066,firefox,UK,0,0,0,0
42.08,1080,134.87,4,4,15580,card,electronics,device_177,firefox,CA,0,0,0,0
263.94,336,88.88,4,2,12061,bank_transfer,dining,device_081,safari,CA,0,0,0,0
136.56,172,165.94,5,3,52981,online,clothing,device_104,firefox,CA,0,0,0,0
142.25,576,159.14,3,10,47286,bank_transfer,dining,device_173,chrome,US,0,0,1,0
172.43,1471,30.13,2,3,23020,online,clothing,device_074,safari,CA,0,0,0,0
273.85,1320,83.22,0,11,32023,card,automotive,device_049,firefox,CA,0,0,0,0
181.12,963,16.09,4,10,27244,online,jewelry,device_053,edge,UK,0,0,0,0
8.97,61,200.56,4,10,42226,online,clothing,device_069,firefox,US,0,0,1,0
133.18,1313,71.5,0,3,13679,card,automotive,device_125,edge,UK,0,0,0,0
145.94,691,77.9,0,9,53385,online,automotive,device_126,firefox,US,0,0,0,0
183.33,560,240.57,1,3,31627,online,dining,device_100,firefox,UK,0,0,0,0
138.25,213,14.67,3,2,45712,card,travel,device_008,safari,US,0,0,0,0
273.64,1408,33.71,5,13,81555,online,jewelry,device_038,edge,CA,0,0,0,0
26,440,65.88,5,9,62671,bank_transfer,electronics,device_115,chrome,UK,0,0,0,0
74.86,572,144.32,0,13,52069,card,clothing,device_144,edge,US,0,0,0,0
294.92,1084,98.76,0,9,47137,bank_transfer,travel,device_070,safari,CA,0,0,0,0
133.46,690,146.32,5,8,73960,online,electronics,device_188,firefox,UK,0,0,0,0
151.43,453,93.45,1,3,14673,card,clothing,device_010,edge,CA,0,1,0,0
49.32,553,81.93,4,6,81006,online,clothing,device_191,firefox,CA,0,0,0,0
184.01,997,53.06,4,9,57802,online,automotive,device_145,firefox,UK,0,0,0,0
55.21,965,77.95,0,6,76572,online,automotive,device_109,firefox,US,0,0,0,0
186.11,39,166.88,5,2,47486,online,groceries,device_087,chrome,US,1,0,0,0
271.78,263,179.8,4,11,10525,online,dining,device_041,safari,UK,0,0,0,0
14279.71,62,1824.71,16,50,2970,bank_transfer,automotive,device_095,edge,NG,0,1,1,1
43.07,1311,12.94,3,15,83957,online,clothing,device_049,safari,US,0,0,0,0
82.14,74,85.96,4,7,82610,online,jewelry,device_042,safari,UK,0,0,0,0
170.05,692,227.78,1,5,45364,card,electronics,device_064,safari,CA,0,0,0,0
122.91,1491,146.31,0,9,72436,online,dining,device_001,safari,US,0,0,0,0
251.22,518,224.4,1,5,47394,card,jewelry,device_160,chrome,UK,0,1,0,0
252.88,682,187.64,5,1,57678,online,groceries,device_106,firefox,US,0,0,0,0
17.35,1059,172.81,5,9,67260,card,groceries,device_089,safari,US,0,0,0,0
38.59,690,141.14,4,7,43943,card,dining,device_024,edge,UK,0,0,1,0
45.68,966,50.39,4,5,29320,card,electronics,device_029,safari,US,0,0,0,0
31.51,581,100.35,1,7,73855,card,groceries,device_081,edge,UK,0,0,0,0
289.6,444,85.11,5,12,40739,bank_transfer,jewelry,device_059,safari,CA,0,0,0,0
75.73,711,90.24,3,13,64032,online,groceries,device_183,safari,CA,0,0,0,0
203.5,974,72.55,1,3,23695,card,jewelry,device_093,chrome,CA,0,0,0,0
276.58,1178,144.07,0,4,60213,online,electronics,device_021,chrome,UK,0,0,0,0
90.67,661,149.48,2,10,24276,online,clothing,device_075,chrome,US,0,0,1,0
273.3,783,89.85,2,8,72527,online,automotive,device_163,firefox,UK,0,0,0,0
6173.42,86,1927.49,17,29,942,online,electronics,device_022,chrome,US,0,1,1,1
64.29,682,189.47,0,7,37246,online,clothing,device_146,safari,US,0,0,0,0
91.95,1065,55.36,1,4,33200,card,jewelry,device_133,chrome,CA,0,0,0,0
126.1,1430,148.92,2,1,78108,bank_transfer,travel,device_027,safari,UK,0,0,0,0
136.11,1013,19.9,2,9,80647,card,automotive,device_006,firefox,US,0,0,0,0
215.22,92,47.45,0,6,40185,card,electronics,device_066,chrome,UK,0,0,0,0
224.84,990,90.63,1,6,81044,card,electronics,device_185,edge,UK,0,0,0,0
14312.06,83,1308.16,8,20,683,bank_transfer,electronics,device_037,safari,US,0,1,0,1
86.06,878,26.54,2,7,27337,card,automotive,device_155,firefox,UK,0,0,0,0
182.65,355,49.84,5,11,48634,card,automotive,device_005,edge,US,0,0,1,0
287.9,1035,245.5,1,5,32475,card,automotive,device_110,chrome,US,0,0,0,0
262.13,1089,130.22,4,13,31603,online,clothing,device_057,safari,US,0,0,0,0
213.39,91,231.19,2,13,45758,card,jewelry,device_167,safari,UK,0,0,0,0
2987.32,9,1693.79,16,47,1183,bank_transfer,travel,device_175,safari,CN,1,1,1,1
197.97,509,134.38,1,15,53591,online,travel,device_162,firefox,US,0,0,0,0
34.12,976,28.16,2,8,39624,online,groceries,device_012,firefox,UK,0,0,0,0
278.59,36,218.39,5,15,12477,card,jewelry,device_130,edge,US,0,0,1,0
282.03,823,127.32,1,6,18500,online,groceries,device_056,safari,US,0,0,0,0
178.2,1441,244.75,2,12,11135,online,automotive,device_156,safari,CA,0,0,0,0
113.14,638,66.24,5,1,47638,online,clothing,device_006,firefox,UK,0,0,0,0
30.91,1190,154.6,3,6,64266,online,clothing,device_161,firefox,US,0,0,0,0
70.17,1209,200.58,0,5,41041,bank_transfer,automotive,device_167,safari,CA,1,1,0,0
9869.28,39,1999.3,17,38,658,online,jewelry,device_125,chrome,RU,0,1,1,1
83.66,278,240.84,1,5,44474,card,automotive,device_054,chrome,CA,0,0,0,0
9442.2,21,1154.01,6,24,2191,online,jewelry,device_073,edge,RU,0,0,0,1
22.38,1202,106.29,4,13,77318,card,travel,device_108,edge,UK,0,0,0,0
13642.59,96,834.8,19,43,1489,bank_transfer,travel,device_127,edge,CN,1,1,1,1
2200.86,42,1051.18,17,38,2520,bank_transfer,electronics,device_124,safari,UK,1,1,1,1
84.43,1232,125.95,4,8,27944,card,groceries,device_124,edge,CA,0,0,0,0
283.86,1483,209.36,2,5,18234,card,jewelry,device_158,chrome,UK,0,0,0,0
241.58,934,182.08,0,3,69549,card,automotive,device_054,chrome,CA,0,0,0,0
13.75,873,196.4,4,3,42947,bank_transfer,travel,device_017,firefox,UK,0,0,0,0
5412.72,45,167.75,6,25,523,bank_transfer,groceries,device_044,safari,US,0,1,1,1
288.65,1041,144.14,3,9,14741,card,travel,device_196,chrome,US,0,0,0,0
31.87,1218,50.24,4,9,51098,card,groceries,device_119,safari,CA,0,0,0,0
159.64,469,121.84,4,4,38964,bank_transfer,clothing,device_169,firefox,CA,0,0,0,0
152.4,236,157.67,1,1,24194,online,jewelry,device_191,safari,US,0,1,0,0
172.37,1056,158.01,4,9,38755,card,dining,device_011,firefox,UK,0,0,0,0
239.73,1085,27.76,1,5,84930,card,groceries,device_143,safari,UK,0,0,0,0
287.92,1493,143.11,5,10,33491,online,electronics,device_154,safari,US,0,0,0,0
271.97,701,181.31,0,8,52038,card,electronics,device_028,firefox,CA,0,0,0,0
216.08,1013,201.92,1,10,66159,card,groceries,device_058,safari,CA,0,0,0,0
96.93,1341,65.47,5,9,61079,card,groceries,device_039,safari,US,0,0,0,0
8915.2,8,1505.39,12,48,2186,bank_transfer,electronics,device_148,edge,CN,1,1,1,1
230.98,208,236.18,0,15,83462,online,jewelry,device_056,safari,UK,0,0,0,0
48.29,234,47.73,1,10,48770,bank_transfer,electronics,device_133,safari,CA,0,0,0,0
238.54,467,84.41,2,6,74172,online,travel,device_149,chrome,UK,0,0,0,0
208.98,419,164.55,5,9,52622,card,dining,device_154,firefox,CA,0,0,0,0
140.8,711,52.91,3,1,55028,bank_transfer,groceries,device_138,chrome,US,0,0,0,0
97.81,958,59.34,3,5,37028,online,groceries,device_169,edge,US,0,0,0,0
121.86,1013,156.22,5,8,63406,online,electronics,device_179,edge,UK,0,0,0,0
276.64,459,195.14,1,10,86333,card,clothing,device_032,chrome,CA,0,0,0,0
162.38,1150,89.14,4,9,76186,online,dining,device_159,edge,CA,0,0,0,0
208.97,843,242.92,4,9,61597,bank_transfer,clothing,device_003,firefox,CA,0,0,0,0
223.62,550,172.98,4,13,25224,card,automotive,device_193,safari,UK,0,0,0,0
169.82,194,195.4,3,15,39630,online,automotive,device_161,firefox,UK,0,0,0,0
111.44,590,248.68,5,7,80629,online,travel,device_044,edge,US,0,0,0,0
285.75,671,115.4,5,11,23033,bank_transfer,electronics,device_107,safari,CA,0,0,0,0
264.59,1169,219.6,2,1,85433,card,electronics,device_021,edge,US,0,0,1,0
202.45,728,119.89,2,13,30319,card,dining,device_081,safari,CA,0,1,0,0
208.23,1274,240.84,3,9,48789,online,electronics,device_043,chrome,CA,0,0,0,0
102.22,354,203.59,4,4,7886,card,automotive,device_180,safari,UK,0,0,0,0
19.64,1049,70.53,2,15,6814,bank_transfer,automotive,device_059,firefox,CA,0,0,0,0
46.9,470,212.5,0,3,80310,card,dining,device_012,firefox,UK,1,0,0,0
219.17,125,63.27,4,5,69979,online,groceries,device_148,firefox,US,0,0,0,0
6300.09,46,1277.84,5,47,3426,bank_transfer,travel,device_008,chrome,NG,1,1,0,1
257.89,1444,175.3,2,11,18078,online,groceries,device_040,safari,CA,0,0,0,0
144.54,1499,218.11,0,12,45190,card,clothing,device_032,firefox,US,0,0,0,0
63.76,731,96.59,0,9,46991,card,travel,device_140,edge,US,0,0,0,0
116.7,294,144.27,4,3,9501,card,dining,device_075,safari,US,0,0,0,0
35.29,965,46.31,2,12,18363,card,groceries,device_124,safari,US,0,0,0,0
99.88,1500,137.93,1,6,75476,bank_transfer,jewelry,device_051,chrome,CA,0,0,0,0
173.26,1009,181.46,1,1,8982,card,clothing,device_189,chrome,CA,0,0,1,0
86.75,540,83.12,2,9,44749,card,clothing,device_037,safari,US,0,0,0,0
134.81,1462,106.01,3,7,79604,online,electronics,device_005,edge,US,0,0,0,0
234.69,926,115.1,3,8,78164,card,electronics,device_073,chrome,UK,0,0,0,0
127.51,1347,249.93,4,8,75394,card,electronics,device_036,safari,US,0,0,0,0
283.71,1173,92.55,4,10,43107,online,electronics,device_164,firefox,US,1,1,1,0
10269.73,94,1450.29,17,41,3192,bank_transfer,travel,device_104,safari,NG,1,1,1,1
76.32,1327,70.73,0,4,46412,online,jewelry,device_030,chrome,UK,0,0,0,0
188.1,942,140.11,3,9,41986,card,jewelry,device_045,firefox,US,0,0,0,0
290.96,549,97.63,3,5,44368,online,groceries,device_164,safari,UK,0,0,1,0
230.87,190,160.58,3,1,57766,card,jewelry,device_072,safari,US,0,0,0,0
15.46,578,58.11,3,3,53332,card,groceries,device_198,edge,US,0,0,0,0
7.29,571,54.03,0,8,83074,card,groceries,device_165,chrome,US,0,0,0,0
68.49,1177,132.81,2,11,70626,online,groceries,device_021,chrome,US,0,0,0,0
144.37,765,183.49,3,9,80946,card,automotive,device_052,firefox,US,0,0,0,0
157.48,385,205.72,2,4,26111,card,jewelry,device_083,safari,UK,0,0,0,0
55.88,815,157.55,1,10,70697,card,automotive,device_005,chrome,US,0,0,0,0
62.37,160,99.15,0,3,62497,online,jewelry,device_099,chrome,US,0,1,0,0
234.17,660,142.36,2,2,48235,card,jewelry,device_045,safari,UK,0,0,0,0
28.56,613,93.95,2,13,14549,online,electronics,device_039,chrome,UK,0,0,1,0
206.45,1118,165.43,0,5,5871,card,electronics,device_082,edge,CA,0,0,0,0
41.34,333,29.79,2,12,58905,card,jewelry,device_106,chrome,CA,0,0,0,0
182.51,968,156.01,5,15,45598,card,electronics,device_181,firefox,CA,0,0,0,0
207.63,628,103.05,2,7,23734,card,groceries,device_106,chrome,CA,0,0,0,0
197.79,1329,225.51,5,7,69148,card,groceries,device_092,firefox,US,0,0,1,0
114.89,665,136.21,0,10,53628,online,electronics,device_135,safari,CA,0,0,0,0
8912.57,15,1995.24,12,24,3299,bank_transfer,automotive,device_020,firefox,CN,1,0,0,1
212.35,644,10.23,1,5,40390,card,groceries,device_090,firefox,CA,0,0,0,0
241.49,1088,23.65,2,1,82638,bank_transfer,groceries,device_070,safari,US,0,0,0,0
138.37,1350,213.14,4,3,57974,card,groceries,device_162,edge,US,0,0,0,0
34.56,810,102.61,5,7,84043,online,dining,device_050,chrome,UK,0,0,0,0
30.93,749,115.79,5,15,81539,online,groceries,device_156,safari,US,0,1,0,0
56.16,1244,49.52,4,12,37216,online,dining,device_102,edge,UK,0,0,0,0
106.37,883,103.94,1,9,54305,online,jewelry,device_006,firefox,US,0,0,0,0
82.3,352,91.67,2,13,38499,online,automotive,device_086,firefox,CA,0,0,0,0
192.53,1124,75.83,2,4,45836,card,clothing,device_162,edge,US,0,0,0,0
289.78,755,157.71,1,14,34128,card,groceries,device_151,chrome,US,0,0,0,0
222.75,898,107.67,4,14,47047,online,electronics,device_057,firefox,UK,0,0,0,0
55.87,365,30.95,2,10,24055,card,clothing,device_074,firefox,UK,0,0,0,0
134.02,521,151.45,3,2,44868,card,electronics,device_195,firefox,CA,0,0,0,0
179.85,37,44.33,0,8,66740,card,groceries,device_114,chrome,US,0,0,0,0
11.11,748,151.37,2,1,29659,card,jewelry,device_179,firefox,UK,0,0,1,0
253.96,892,176.1,1,14,84199,online,automotive,device_106,safari,CA,0,0,0,0
111.97,944,56.77,5,15,79239,card,travel,device_129,firefox,CA,0,0,0,0
222.16,510,229.71,1,8,16142,online,jewelry,device_097,chrome,CA,0,0,0,0
214.76,1488,185.28,3,3,14567,card,electronics,device_096,safari,CA,0,0,0,0
28.25,1091,93.39,2,14,64068,online,clothing,device_091,edge,US,0,0,0,0
86.15,227,182.4,1,14,39274,card,electronics,device_075,safari,US,1,0,0,0
266.87,1027,168.85,4,13,28817,card,clothing,device_110,edge,UK,0,0,0,0
280.39,796,159.67,2,11,30945,card,electronics,device_181,firefox,US,0,0,0,0
286.8,1126,244.17,3,6,44118,card,jewelry,device_104,edge,US,1,0,0,0
162.68,370,202.82,1,2,49118,bank_transfer,electronics,device_148,edge,CA,0,0,0,0
1244.25,45,1076.45,17,31,1917,bank_transfer,jewelry,device_025,chrome,NG,1,1,0,1
202.59,872,44.66,1,4,82954,card,jewelry,device_056,firefox,US,0,0,0,0
85.28,56,88.33,1,2,71388,online,travel,device_096,edge,US,0,0,0,0
80.96,204,204.52,2,5,76774,card,groceries,device_031,firefox,US,0,0,0,0
129.54,158,106.36,5,6,49428,card,electronics,device_116,edge,CA,0,0,1,0
89.73,73,176.64,0,11,29863,online,dining,device_017,safari,US,0,0,1,0
253.52,865,178.9,0,12,41036,online,jewelry,device_116,edge,UK,1,0,0,0
65.27,976,29.78,2,9,68146,online,groceries,device_113,firefox,UK,0,0,0,0
53.59,1466,51.04,3,6,31969,card,dining,device_053,safari,UK,0,0,0,0
5045.01,98,1777.08,18,22,248,online,automotive,device_105,chrome,CN,1,1,1,1
182.83,225,153.97,4,8,40701,bank_transfer,travel,device_018,firefox,UK,0,0,0,0
184.8,200,245.47,5,10,33315,card,travel,device_125,safari,UK,0,0,0,0
86.96,1424,111.07,4,1,21186,bank_transfer,travel,device_163,firefox,UK,0,0,0,0
74.54,657,170.12,0,14,45606,online,clothing,device_164,safari,US,0,1,0,0
288.33,1448,122.56,1,10,71351,card,electronics,device_095,firefox,UK,0,0,0,0
72.94,187,188.54,3,6,17298,online,automotive,device_074,firefox,CA,0,0,0,0
52.25,90,66.39,1,3,85505,card,dining,device_104,chrome,CA,0,0,0,0
59.39,760,158.86,1,10,58511,online,clothing,device_192,chrome,UK,0,0,0,0
211.62,133,224.46,2,2,4958,online,travel,device_076,edge,UK,0,0,0,0
134.66,489,186.93,0,8,33488,card,clothing,device_102,edge,US,0,0,0,0
158.14,730,178.06,3,14,57065,card,dining,device_124,edge,UK,0,0,0,0
88.59,694,139.24,5,14,31153,card,dining,device_053,chrome,US,0,0,0,0
224.78,157,242.83,5,11,39210,online,travel,device_015,edge,CA,0,0,0,0
103.61,717,222.24,3,13,41369,card,clothing,device_084,edge,CA,0,0,0,0
86.93,48,138.03,4,14,12184,online,jewelry,device_072,firefox,US,0,0,0,0
295.84,576,47.04,5,1,5426,online,electronics,device_066,edge,US,0,0,0,0
52.37,838,239.97,5,1,42103,bank_transfer,electronics,device_187,safari,US,0,0,0,0
176.2,1010,95.4,4,6,70796,card,electronics,device_184,edge,CA,0,0,0,0
121.53,370,192.47,1,7,57849,card,travel,device_141,chrome,UK,0,0,0,0
240.83,719,218.2,1,13,71908,card,groceries,device_094,firefox,US,0,0,0,0
75.49,644,69.47,0,4,69908,card,groceries,device_189,chrome,UK,0,0,0,0
13.58,1062,22.64,2,8,56770,online,automotive,device_014,edge,CA,1,0,0,0
233.51,1495,188.93,3,8,33009,card,groceries,device_106,firefox,CA,0,0,0,0
35.14,531,192.67,1,10,70737,card,clothing,device_030,edge,UK,0,1,0,0
203.52,70,248,3,11,84902,online,dining,device_067,firefox,US,0,0,0,0
166.43,1008,191.33,5,3,85523,bank_transfer,groceries,device_099,firefox,UK,0,0,0,0
8704.83,42,1330.08,12,46,3051,bank_transfer,electronics,device_067,chrome,CN,0,1,1,1
5807.31,87,572.13,7,40,267,online,electronics,device_014,safari,RU,1,1,0,1
63.91,1243,210.84,3,9,50440,online,travel,device_087,firefox,CA,0,1,0,0
283.44,1467,187.72,2,3,49953,online,jewelry,device_187,safari,UK,0,0,0,0
277.73,806,133.6,4,9,72122,card,electronics,device_005,firefox,CA,0,0,0,0
271.71,690,196.93,3,13,52263,card,automotive,device_115,edge,US,1,0,0,0
164.2,797,230.51,5,7,21305,card,travel,device_198,firefox,US,0,0,0,0
3850.23,82,1037.72,18,30,666,bank_transfer,travel,device_007,chrome,NG,0,1,1,1
264.73,567,149.51,5,8,45036,online,clothing,device_200,safari,US,0,0,0,0
9.54,115,142.04,5,12,14376,online,jewelry,device_110,safari,US,0,0,0,0
211.17,1188,28.63,1,6,64911,online,groceries,device_001,safari,US,0,0,0,0
3410.25,95,1480.52,5,44,2112,online,jewelry,device_196,firefox,RU,1,1,1,1
145.89,315,241.81,4,9,61907,bank_transfer,electronics,device_046,firefox,UK,0,0,0,0
126.97,757,48.98,1,9,21673,card,jewelry,device_009,firefox,US,0,0,0,0
292.75,1310,83.54,2,4,5743,online,dining,device_103,edge,US,0,0,1,0
130.21,650,141.46,0,3,5282,online,electronics,device_027,safari,CA,0,0,0,0
119.6,505,235.97,1,12,71690,card,groceries,device_106,firefox,CA,0,0,0,0
165.3,90,108.29,4,5,66016,online,travel,device_141,chrome,US,0,0,0,0
139.46,540,221.55,2,13,38649,card,groceries,device_152,edge,CA,0,0,0,0
45.97,545,133.56,1,11,30040,bank_transfer,clothing,device_036,firefox,US,0,0,0,0
83.38,1068,152.42,1,9,19994,online,electronics,device_019,chrome,CA,0,0,0,0
86.66,741,78.15,2,3,9964,card,dining,device_032,firefox,US,0,0,0,0
217.6,464,105.15,0,10,50969,bank_transfer,dining,device_156,edge,CA,0,0,0,0
156.32,295,96.05,5,5,21650,card,automotive,device_158,safari,UK,0,0,0,0
37.28,912,18.16,3,15,37967,card,electronics,device_081,firefox,CA,0,0,0,0
78.98,1188,188.23,0,12,17913,online,clothing,device_114,chrome,US,0,0,0,0
262.31,1250,125.89,0,5,24086,online,travel,device_033,safari,UK,0,0,0,0
151.95,1317,79.84,2,5,17040,online,dining,device_037,chrome,CA,0,0,1,0
10931.29,99,1199.51,12,40,1877,online,automotive,device_029,edge,NG,0,1,1,1
124.83,214,102.68,4,1,82925,online,dining,device_044,safari,CA,0,0,0,0
166.35,1472,213.02,0,8,56925,online,clothing,device_158,edge,CA,0,0,0,0
163.88,190,212.27,4,15,36931,card,automotive,device_083,firefox,CA,0,0,0,0
64.95,887,79.23,2,9,59243,card,clothing,device_166,firefox,UK,0,0,0,0
250.25,449,96.68,1,6,61572,online,clothing,device_139,chrome,UK,0,0,0,0
138.66,979,86.02,5,9,22266,card,electronics,device_042,safari,UK,0,0,0,0
111.69,259,152.65,0,15,49668,card,clothing,device_036,chrome,UK,0,0,0,0
241.26,398,214.24,3,10,59895,card,clothing,device_077,edge,CA,1,0,0,0
39.65,1133,118.05,1,11,38214,bank_transfer,travel,device_096,edge,US,0,0,0,0
227.52,1453,214.58,3,2,72771,card,dining,device_092,edge,UK,0,0,0,0
9072.61,74,1507.63,10,20,337,online,jewelry,device_164,edge,UK,0,1,0,1
2883.43,50,57.1,12,25,1636,online,jewelry,device_113,chrome,NG,1,1,1,1
1405.49,95,755.01,17,25,2077,bank_transfer,travel,device_092,safari,US,0,1,1,1
297.73,1217,230.7,5,5,18311,card,travel,device_066,firefox,UK,0,0,0,0
291.85,47,245.29,3,1,59861,card,dining,device_176,safari,UK,0,0,0,0
272.86,897,171.85,3,7,7007,card,jewelry,device_159,edge,US,0,0,0,0
63.27,346,210.38,1,8,60877,bank_transfer,clothing,device_068,chrome,US,0,0,0,0
151.12,443,184.83,1,14,21919,card,travel,device_047,firefox,UK,0,0,1,0
4444.36,96,1740.91,13,33,1846,bank_transfer,travel,device_035,safari,NG,1,1,1,1
148.98,1200,229.87,3,5,54714,online,electronics,device_001,firefox,CA,0,0,0,0
34.66,1110,99.07,4,13,9225,online,clothing,device_115,firefox,UK,0,0,0,0
75.41,1086,179.95,3,6,18140,card,clothing,device_047,chrome,CA,0,0,0,0
190.14,944,154.07,1,6,61695,card,jewelry,device_059,chrome,UK,0,0,0,0
48.02,295,164.37,5,7,11382,card,groceries,device_200,safari,UK,0,0,0,0
102.72,1008,145.66,2,15,50895,online,jewelry,device_054,edge,US,0,0,0,0
20.16,1463,193.57,1,11,61720,online,jewelry,device_140,safari,CA,0,0,0,0
228.06,927,29.49,5,8,42180,card,electronics,device_126,safari,UK,0,0,0,0
11.66,112,22.8,0,12,38162,card,clothing,device_010,edge,US,0,0,0,0
108.2,435,138.58,2,3,73253,bank_transfer,dining,device_132,chrome,CA,0,0,0,0
212.88,1381,191.28,2,15,69526,bank_transfer,dining,device_145,chrome,CA,0,0,0,0
188.51,366,204.33,2,6,86081,online,jewelry,device_185,firefox,US,0,0,0,0
12.79,1039,187,2,4,53125,card,dining,device_167,safari,CA,0,0,0,0
298.45,96,187.57,1,6,84870,card,automotive,device_092,edge,CA,0,0,0,0
143.6,810,179.76,2,13,35692,bank_transfer,jewelry,device_111,edge,US,0,0,0,0
268.67,712,181.86,4,4,39181,card,electronics,device_067,safari,UK,0,0,0,0
293.22,938,80.85,3,3,43389,card,jewelry,device_197,safari,CA,0,0,0,0
62.3,950,31.17,4,8,34109,card,travel,device_177,edge,UK,0,0,1,0
193.49,776,32.46,1,4,65488,card,jewelry,device_035,safari,UK,0,0,0,0
30.3,704,41.63,0,10,24768,online,clothing,device_109,safari,CA,0,0,0,0
23.74,276,85.49,2,7,26069,online,dining,device_114,safari,UK,0,0,0,0
73.98,544,229.29,0,4,69338,online,groceries,device_133,chrome,CA,0,0,0,0
234.65,1434,136.91,5,11,20777,card,jewelry,device_097,edge,UK,0,0,0,0
14.06,330,70.42,3,5,12280,card,electronics,device_157,safari,US,0,0,0,0
73.2,736,20.8,0,6,51416,online,travel,device_160,chrome,UK,0,0,0,0
184.63,1233,211.9,1,13,53001,card,groceries,device_161,edge,US,0,0,0,0
18.5,309,181.27,2,14,21551,online,automotive,device_185,firefox,US,0,0,0,0
172.47,536,20.37,4,5,54309,card,electronics,device_101,chrome,CA,0,0,0,0
172.54,954,15.49,1,14,15256,online,travel,device_191,chrome,CA,0,0,0,0
25.7,790,130.67,3,15,53924,card,electronics,device_028,firefox,UK,0,0,1,0
72.21,159,168.29,2,10,79670,online,automotive,device_095,chrome,UK,0,0,0,0
29.1,1238,188.93,0,6,82038,card,clothing,device_074,safari,US,0,0,0,0
17.73,1500,62.55,4,1,33341,card,dining,device_125,firefox,CA,0,0,0,0
151.26,607,146.64,5,7,66804,card,clothing,device_164,firefox,CA,0,1,0,0
98.4,215,27.78,0,7,16305,online,electronics,device_064,chrome,CA,0,0,0,0
57.33,1443,162.98,1,8,37107,online,travel,device_025,chrome,US,1,0,0,0
266.28,929,175.93,4,12,74033,card,automotive,device_123,edge,CA,0,0,0,0
2777.75,12,106.64,5,30,990,bank_transfer,travel,device_167,firefox,NG,1,1,1,1
74.57,1306,24,3,6,15096,online,groceries,device_170,edge,CA,0,0,0,0
33.27,292,35.44,3,8,4800,online,electronics,device_045,chrome,CA,0,0,0,0
241.14,1038,79.92,1,3,68669,online,clothing,device_099,edge,UK,0,0,1,0
285.13,726,196.64,5,14,62137,bank_transfer,dining,device_074,safari,US,0,0,0,0
29.81,757,82.86,4,9,14109,card,dining,device_042,firefox,US,0,0,0,0
228.93,1323,78.85,1,15,15458,card,groceries,device_067,firefox,US,0,0,0,0
108.3,463,104.51,4,11,16775,card,dining,device_025,safari,CA,0,1,0,0
262.27,297,189.81,4,10,50174,card,travel,device_079,safari,UK,0,0,1,0
271.51,1400,33.39,1,12,51174,bank_transfer,electronics,device_055,firefox,US,0,0,1,0
251.89,238,94.35,5,14,51273,online,jewelry,device_096,safari,US,0,1,1,0
172.05,189,111.22,2,13,45928,online,clothing,device_031,chrome,CA,0,0,0,0
60.62,631,114,1,8,11347,card,clothing,device_022,chrome,CA,0,0,0,0
15.59,860,22.91,4,6,67656,online,dining,device_190,chrome,CA,1,0,0,0
28.23,1070,165.17,3,6,67296,card,dining,device_141,safari,UK,0,0,0,0
128.93,1062,225.33,2,3,52232,online,automotive,device_159,firefox,CA,0,0,0,0
188.33,60,25.58,4,7,5553,card,jewelry,device_186,firefox,US,0,0,0,0
10891.74,35,1216.22,19,50,409,online,travel,device_031,edge,US,0,1,1,1
75.66,524,165.7,1,14,84361,online,dining,device_072,firefox,US,0,0,0,0
101.24,984,230.23,4,12,33561,online,electronics,device_104,edge,CA,0,0,0,0
4485.36,94,1652.63,10,45,283,bank_transfer,clothing,device_065,chrome,US,1,1,1,1
91.06,1020,184.34,5,9,26939,bank_transfer,groceries,device_198,chrome,UK,0,0,0,0
149.55,1366,188.81,4,2,82194,card,electronics,device_014,edge,UK,0,0,0,0
28.01,745,67.49,5,3,75068,online,clothing,device_053,chrome,CA,0,0,0,0
152.1,971,172.08,0,13,7691,online,automotive,device_159,chrome,CA,0,0,0,0
255.77,1292,35.4,2,1,65233,card,dining,device_023,edge,CA,0,0,0,0
184.92,1482,25.05,3,5,74357,online,groceries,device_092,firefox,UK,0,0,1,0
91.02,634,191.54,1,11,17612,online,jewelry,device_065,chrome,US,0,0,0,0
271.65,492,78.96,1,15,59298,card,dining,device_079,safari,UK,0,1,0,0
266.88,1304,173.15,4,6,38235,online,groceries,device_097,chrome,UK,1,0,1,0
7121.84,53,1851.26,17,33,496,online,automotive,device_183,edge,UK,0,1,1,1
295.16,1325,203.52,4,4,20439,card,clothing,device_131,safari,UK,0,0,0,0
57.55,202,247.65,1,10,62258,bank_transfer,electronics,device_147,safari,UK,0,0,0,0
213.72,758,141.48,5,13,70276,card,electronics,device_081,edge,UK,0,0,0,0
212.29,1074,58.16,2,7,22791,card,travel,device_035,chrome,CA,0,0,0,0
271.57,1424,78.52,1,13,72286,card,automotive,device_097,safari,US,1,0,0,0
205.79,1040,110.9,0,1,79593,online,dining,device_153,chrome,CA,0,0,0,0
181.54,785,201.9,2,10,45090,card,groceries,device_106,chrome,UK,0,0,0,0
119.48,850,53.97,3,5,64822,online,clothing,device_072,chrome,CA,0,0,0,0
235.52,137,37.69,1,14,63772,card,electronics,device_108,firefox,UK,0,0,0,0
77.63,316,22.24,4,8,69985,online,jewelry,device_193,firefox,UK,0,1,0,0
65.46,1235,216.98,0,12,23916,bank_transfer,automotive,device_118,edge,CA,0,0,0,0
116.88,223,54.85,3,10,31181,online,clothing,device_021,chrome,UK,0,0,0,0
257.62,642,50.2,4,9,40527,card,automotive,device_142,edge,CA,0,0,0,0
277.4,632,204.05,5,10,73027,bank_transfer,dining,device_172,edge,UK,0,0,0,0
84.05,265,134.73,0,3,66555,card,electronics,device_080,edge,US,0,0,0,0
281.34,1054,197.1,4,13,39535,bank_transfer,electronics,device_023,chrome,CA,0,0,1,0
96.73,1434,85.59,0,5,26889,online,groceries,device_076,chrome,US,0,0,0,0
65.26,930,57.34,2,5,76529,online,jewelry,device_033,safari,UK,0,0,0,0
136.33,1154,249.34,5,10,42282,online,automotive,device_107,safari,US,0,0,0,0
1267.51,71,229.33,9,34,268,bank_transfer,automotive,device_068,chrome,US,1,1,1,1
240.02,1297,76.13,4,14,50309,card,electronics,device_164,edge,CA,0,0,0,0
47.43,380,105.46,0,8,66978,online,jewelry,device_172,safari,US,0,0,1,0
243.24,967,79.55,3,15,59239,card,automotive,device_145,edge,US,0,0,0,0
50.82,319,168.83,4,11,35709,bank_transfer,jewelry,device_046,edge,UK,0,0,0,0
5114.55,38,1971.23,15,47,459,card,electronics,device_169,safari,NG,0,0,1,1
119.7,840,120.12,3,1,76442,card,groceries,device_181,firefox,US,0,0,0,0
150.71,93,133.18,3,6,29121,online,jewelry,device_062,safari,CA,0,0,0,0
155.36,1014,16.18,5,3,53438,online,clothing,device_105,firefox,CA,0,1,1,0
128.46,140,27.69,0,15,9808,card,clothing,device_116,edge,CA,0,0,0,0
39.25,1036,188.43,0,11,38843,card,groceries,device_162,safari,US,0,0,0,0
153.5,316,159.56,1,14,9664,online,travel,device_119,chrome,UK,0,0,0,0
121.26,700,182.58,3,9,61116,bank_transfer,dining,device_178,safari,UK,0,0,1,0
27.11,350,33.08,1,5,51114,online,automotive,device_170,firefox,US,1,0,0,0
64.88,438,107.38,5,2,9514,card,travel,device_024,chrome,CA,0,0,0,0
79.09,514,74.33,4,9,12683,card,electronics,device_181,edge,UK,0,0,1,0
21.43,439,15.59,0,8,43348,card,groceries,device_099,edge,US,0,0,0,0
71.11,634,169.02,2,12,76391,online,travel,device_168,safari,CA,0,0,0,0
181.25,500,108.7,3,4,44958,card,jewelry,device_116,safari,UK,0,0,0,0
72.71,700,67.14,4,5,69841,card,clothing,device_149,firefox,CA,0,0,0,0
133.09,1056,47.37,2,11,47106,online,electronics,device_094,safari,CA,0,0,0,0
66.04,1089,235.02,5,2,53723,online,travel,device_107,chrome,US,0,0,0,0
259.13,358,62.97,2,5,65584,bank_transfer,clothing,device_129,edge,UK,1,0,0,0
5470.12,48,593.59,19,26,2260,bank_transfer,electronics,device_016,edge,CN,1,1,1,1
246.14,1041,166.57,4,6,38122,card,jewelry,device_056,chrome,UK,0,0,0,0
275.63,683,131.77,1,15,71016,online,travel,device_041,firefox,US,1,0,0,0
8903.25,9,1114.39,19,32,1703,bank_transfer,travel,device_195,safari,NG,1,0,1,1
223.5,646,39.7,1,3,75219,card,travel,device_132,firefox,UK,0,0,0,0
30.33,351,43.4,4,2,67973,card,groceries,device_108,safari,CA,0,0,0,0
47.18,712,181.81,3,2,54134,online,clothing,device_068,safari,US,0,0,0,0
97.43,894,90.98,0,4,53061,card,groceries,device_007,firefox,US,0,0,0,0
211.41,805,236.6,3,12,49133,card,automotive,device_154,firefox,US,0,0,0,0
162.76,853,198.75,1,14,34333,online,automotive,device_054,edge,CA,0,0,0,0
57.82,560,60.33,1,6,6081,card,clothing,device_189,edge,CA,0,0,0,0
36.85,887,144.6,1,5,59257,online,groceries,device_188,chrome,CA,0,0,0,0
243.78,1062,231.38,3,9,61993,bank_transfer,dining,device_132,safari,CA,0,0,0,0
273,1150,225.77,3,7,54586,online,electronics,device_195,safari,UK,0,0,0,0
119.77,722,222.17,5,13,36654,online,jewelry,device_150,firefox,UK,0,0,1,0
230.06,683,241.96,2,7,83712,online,automotive,device_173,safari,US,0,1,0,0
274.86,653,40.93,0,6,42287,online,dining,device_144,chrome,CA,0,0,0,0
279.01,1462,201.11,1,4,63033,online,clothing,device_029,safari,UK,0,0,1,0
297.07,285,29.01,5,4,77478,card,electronics,device_089,firefox,US,0,0,0,0
283.33,1460,134.52,1,4,41765,online,dining,device_146,chrome,UK,0,0,0,0
55.28,473,245.82,1,9,78362,online,dining,device_091,chrome,UK,0,0,0,0
200.25,1489,126.24,5,1,12230,card,electronics,device_192,chrome,CA,0,0,0,0
250.22,209,90.24,5,15,65180,card,dining,device_163,edge,US,0,0,0,0
248.57,902,148.28,5,10,21852,card,dining,device_037,safari,US,0,0,0,0
276.43,1459,20.26,4,15,62200,bank_transfer,travel,device_116,safari,US,0,0,0,0
102.34,1172,47.04,2,11,32990,online,electronics,device_173,safari,US,0,1,0,0
200.41,904,224.59,1,2,13611,online,groceries,device_067,safari,CA,0,0,0,0
299.13,1071,11.52,5,13,54286,card,dining,device_006,safari,US,0,0,0,0
244.83,183,39.54,5,15,63189,card,groceries,device_023,safari,CA,0,0,1,0
269.42,1289,203.72,5,1,35765,card,dining,device_063,edge,CA,0,0,0,0
120.07,350,133.69,4,12,63535,online,electronics,device_095,chrome,CA,0,1,0,0
48.29,1222,188.94,0,6,31553,bank_transfer,dining,device_101,chrome,US,0,0,0,0
160.46,821,35.64,0,6,12318,online,automotive,device_195,edge,CA,0,0,0,0
127.86,797,114.06,3,9,22669,online,groceries,device_136,edge,CA,0,0,0,0
18.82,499,48.26,0,9,7024,online,dining,device_035,edge,CA,0,0,0,0
10.64,950,134.06,3,4,15731,online,electronics,device_088,safari,UK,0,0,0,0
271.81,554,136.47,0,12,68829,card,clothing,device_157,edge,UK,0,0,0,0
56.55,450,227.79,5,12,46542,card,automotive,device_120,edge,UK,1,0,0,0
25.64,370,157.38,4,4,33391,online,clothing,device_004,chrome,CA,0,0,0,0
111.75,64,196.53,1,14,73937,online,dining,device_046,chrome,UK,0,0,0,0
232.03,334,26.51,1,8,56891,card,jewelry,device_009,safari,CA,0,0,0,0
17.96,1494,181.5,2,1,27134,card,travel,device_063,safari,CA,0,0,0,0
152.76,181,70.4,2,7,49443,online,dining,device_135,firefox,CA,0,0,1,0
185.51,69,85.31,1,5,81050,bank_transfer,jewelry,device_118,firefox,CA,0,0,0,0
134.95,539,52.19,0,12,29178,online,clothing,device_036,safari,UK,0,0,0,0
124.25,1412,234.75,2,3,49597,online,clothing,device_020,chrome,US,0,0,0,0
133.72,738,57.34,5,9,83146,online,jewelry,device_145,safari,CA,0,0,0,0
132.16,408,73.18,0,6,32183,card,automotive,device_200,firefox,CA,0,0,0,0
224.94,1061,39.38,3,11,35082,card,clothing,device_048,edge,UK,0,0,0,0
170.43,1010,15.82,5,6,7275,online,automotive,device_036,safari,UK,0,1,0,0
28.18,928,171.7,3,3,29434,online,travel,device_130,firefox,US,0,0,0,0
124.56,979,39.1,4,1,59584,card,dining,device_175,safari,CA,0,0,0,0
2552,64,543.83,10,50,739,bank_transfer,travel,device_116,edge,NG,1,0,0,1
145.75,730,171.27,3,4,13150,online,jewelry,device_010,chrome,US,0,0,0,0
202.27,880,241.68,0,11,36906,online,automotive,device_168,safari,CA,0,0,0,0
65.65,931,174.97,5,8,36857,card,electronics,device_167,edge,CA,0,0,0,0
178.28,715,84.41,3,9,25566,card,groceries,device_150,edge,CA,0,0,0,0
246.22,1440,90.05,0,4,37700,card,automotive,device_135,safari,US,1,1,0,0
100.24,525,114.05,3,11,68550,card,jewelry,device_170,chrome,UK,0,0,0,0
6.02,452,46.02,4,8,40618,online,automotive,device_035,safari,CA,0,0,0,0
119.83,481,81.83,1,6,82872,online,jewelry,device_200,chrome,UK,0,0,0,0
286.39,453,28.71,2,4,51779,bank_transfer,travel,device_183,edge,US,0,0,0,0
27.66,267,193.6,0,11,24500,card,travel,device_150,chrome,CA,0,0,0,0
109.65,68,56.52,1,7,20802,card,groceries,device_092,chrome,US,0,0,0,0
123.02,333,170.01,3,14,77889,online,groceries,device_016,firefox,UK,0,0,0,0
77.03,1381,201,0,9,85792,bank_transfer,clothing,device_084,safari,CA,0,0,0,0
296.09,662,172.98,3,5,38467,bank_transfer,travel,device_062,firefox,UK,0,0,0,0
211.08,701,131.38,3,3,61567,card,electronics,device_196,firefox,US,0,0,0,0
40.68,987,187.97,4,8,54966,online,groceries,device_001,firefox,US,0,0,0,0
42.2,301,89.5,4,11,22599,card,travel,device_173,edge,UK,0,0,1,0
276.94,1152,23.3,3,12,13057,online,jewelry,device_050,chrome,UK,1,0,0,0
162.88,106,91.96,0,13,77398,card,travel,device_064,safari,US,0,0,1,0
117.85,1047,238.79,0,7,59503,online,groceries,device_184,chrome,UK,0,0,0,0
95.78,1195,86.83,1,15,79325,card,dining,device_136,firefox,CA,0,0,0,

